<?xml version="1.0" encoding="UTF-8"?>
<project-private xmlns="http://www.netbeans.org/ns/project-private/1">
    <editor-bookmarks xmlns="http://www.netbeans.org/ns/editor-bookmarks/2" lastBookmarkId="0"/>
    <open-files xmlns="http://www.netbeans.org/ns/projectui-open-files/2">
        <group>
            <file>file:/C:/Users/nacob/MPLABXProjects/joh19042_EE2361_FINAL_PROJECT.X/joh19042_rotationsLib_v001.c</file>
            <file>file:/C:/Users/nacob/MPLABXProjects/joh19042_EE2361_FINAL_PROJECT.X/lixx5451_button.c</file>
            <file>file:/C:/Users/nacob/MPLABXProjects/joh19042_EE2361_FINAL_PROJECT.X/karam003_conversion_v001.h</file>
            <file>file:/C:/Users/nacob/MPLABXProjects/joh19042_EE2361_FINAL_PROJECT.X/lixx5451_FinalProject_mainMin.c</file>
            <file>file:/C:/Users/nacob/MPLABXProjects/joh19042_EE2361_FINAL_PROJECT.X/lixx5451_i2cLCD.h</file>
            <file>file:/C:/Users/nacob/MPLABXProjects/joh19042_EE2361_FINAL_PROJECT.X/lixx5451_button.h</file>
            <file>file:/C:/Users/nacob/MPLABXProjects/joh19042_EE2361_FINAL_PROJECT.X/lixx5451_i2cLCD.c</file>
            <file>file:/C:/Users/nacob/MPLABXProjects/joh19042_EE2361_FINAL_PROJECT.X/karam003_conversion_v001.c</file>
            <file>file:/C:/Users/nacob/MPLABXProjects/joh19042_EE2361_FINAL_PROJECT.X/joh19042_rotationsLib_v001.h</file>
        </group>
    </open-files>
</project-private>
